{
	"comments": {
		"lineComment": "//",
		"blockComment": ["/*", "*/"]
	},
	"brackets": [
		["{", "}"],
		["[", "]"],
		["(", ")"]
	],
	"autoClosingPairs": [
		{ "open": "[", "close": "]" },
		{ "open": "{", "close": "}" },
		{ "open": "(", "close": ")" },
		{ "open": "'", "close": "'", "notIn": ["string", "comment"] },
		{ "open": "\"", "close": "\"", "notIn": ["string"] }
	],
	"surroundingPairs": [
		["{", "}"],
		["[", "]"],
		["(", ")"],
		["\"", "\""],
		["'", "'"]
	],
	"indentationRules": {
		"increaseIndentPattern": "^.*\\{[^}\"\\']*$|^.*\\([^\\)\"\\']*$|^\\s*(public|private|protected):\\s*$|^\\s*@(public|private|protected)\\s*$|^\\s*\\{\\}$",
		"decreaseIndentPattern": "^\\s*(\\s*/[*].*[*]/\\s*)*\\}|^\\s*(\\s*/[*].*[*]/\\s*)*\\)|^\\s*(public|private|protected):\\s*$|^\\s*@(public|private|protected)\\s*$"
	},
	"folding": {
		"markers": {
			"start": "^\\s*#pragma\\s+region",
			"end": "^\\s*#pragma\\s+endregion"
		}
	}
}