{
	"command.wrapWithAbbreviation": "Wrap with Abbreviation",
	"command.wrapIndividualLinesWithAbbreviation": "Wrap Individual Lines with Abbreviation",
	"command.removeTag": "タグの削除",
	"command.updateTag": "タグの更新",
	"command.matchTag": "一致するペアに移動",
	"command.balanceIn": "バランス (内側)",
	"command.balanceOut": "バランス (外側)",
	"command.prevEditPoint": "前の編集点に移動",
	"command.nextEditPoint": "次の編集点に移動",
	"command.mergeLines": "行のマージ",
	"command.selectPrevItem": "前の項目を選択",
	"command.selectNextItem": "次の項目を選択",
	"command.splitJoinTag": "タグの分割/結合",
	"command.toggleComment": "コメントの切り替え",
	"command.evaluateMathExpression": "数式の評価",
	"command.updateImageSize": "イメージ サイズの更新",
	"command.reflectCSSValue": "CSS 値を反映",
	"command.incrementNumberByOne": "1 ずつ増加",
	"command.decrementNumberByOne": "1 ずつ減少",
	"command.incrementNumberByOneTenth": "0.1 ずつ増加",
	"command.decrementNumberByOneTenth": "0.1 ずつ減少",
	"command.incrementNumberByTen": "10 ずつ増加",
	"command.decrementNumberByTen": "10 ずつ減少",
	"emmetSyntaxProfiles": "指定した構文に対してプロファイルを定義するか、特定の規則がある独自のプロファイルをご使用ください。",
	"emmetExclude": "emmet 省略記法を展開すべきでない言語の配列。",
	"emmetExtensionsPath": "Emmet のプロファイル、スニペット、基本設定を含むフォルダーへのパス。emmet.useNewEmmet が true に設定されている場合、プロファイルのみが拡張パスから受け入れられます。",
	"emmetShowExpandedAbbreviation": "候補として、展開された Emmet 省略記法を表示します。\n\"inMarkupAndStylesheetFilesOnly\" オプションは、html、haml、jade、slim、xml、xsl、css、scss、sass、less、および stylus に適用されます。\n\"always\" オプションは、マークアップ / css に関係なく、ファイルのすべての部分に適用されます。",
	"emmetShowAbbreviationSuggestions": "候補として考えられる Emmet 省略記法を表示します。 スタイルシートや emmet.showExpandedAbbreviation が \"never\" に設定されている場合は適用されません。",
	"emmetIncludeLanguages": "既定でサポートされていない言語で Emmet 省略記法を有効にします。 言語と Emmet がサポートする言語の間にマッピングを追加します。\n例: {\"vue-html\": \"html\", \"javascript\": \"javascriptreact\"}",
	"emmetVariables": "Emmet のスニペットで使用される変数 ",
	"emmetTriggerExpansionOnTab": "When enabled, emmet abbreviations are expanded when pressing TAB."
}