{
	"typescript.reloadProjects.title": "Projekt erneut laden",
	"javascript.reloadProjects.title": "Projekt erneut laden",
	"configuration.typescript": "TypeScript",
	"typescript.useCodeSnippetsOnMethodSuggest.dec": "Vervollständigen Sie Funktionen mit deren Parametersignatur.",
	"typescript.tsdk.desc": "Gibt den Ordnerpfad mit den zu verwendenden tsserver- und lib*.d.ts-Dateien an.",
	"typescript.disableAutomaticTypeAcquisition": "Deaktiviert die automatische Typerfassung. Erfordert TypeScript >= 2.0.6 und einen Neustart nach der Änderung.",
	"typescript.tsserver.log": "Aktiviert die Protokollierung des TS-Servers in eine Datei. Mithilfe der Protokolldatei lassen sich Probleme beim TS-Server diagnostizieren. Die Protokolldatei kann Dateipfade, Quellcode und weitere potenziell sensible Informationen aus Ihrem Projekt enthalten.",
	"typescript.tsserver.trace": "Aktiviert die Ablaufverfolgung von an den TS-Server gesendeten Nachrichten. Mithilfe der Ablaufverfolgung lassen sich Probleme beim TS-Server diagnostizieren. Die Ablaufverfolgung kann Dateipfade, Quellcode und weitere potenziell sensible Informationen aus Ihrem Projekt enthalten.",
	"typescript.validate.enable": "TypeScript-Überprüfung aktivieren/deaktivieren.",
	"typescript.format.enable": "Standardmäßigen TypeScript-Formatierer aktivieren/deaktivieren.",
	"javascript.format.enable": "Standardmäßigen JavaScript-Formatierer aktivieren/deaktivieren.",
	"format.insertSpaceAfterCommaDelimiter": "Definiert die Verarbeitung von Leerzeichen nach einem Kommatrennzeichen.",
	"format.insertSpaceAfterConstructor": "Definiert die Verarbeitung von Leerzeichen nach dem Konstruktor-Schlüsselwort. Erfordert TypeScript 2.3.0 oder höher.",
	"format.insertSpaceAfterSemicolonInForStatements": " Definiert die Verarbeitung von Leerzeichen nach einem Semikolon in einer for-Anweisung.",
	"format.insertSpaceBeforeAndAfterBinaryOperators": "Definiert die Verarbeitung von Leerzeichen nach einem binären Operator.",
	"format.insertSpaceAfterKeywordsInControlFlowStatements": "Definiert die Verarbeitung von Leerzeichen nach Schlüsselwörtern in einer Flusssteuerungsanweisung.",
	"format.insertSpaceAfterFunctionKeywordForAnonymousFunctions": "Definiert die Verarbeitung von Leerzeichen nach einem Funktionsschlüsselwort für anonyme Funktionen.",
	"format.insertSpaceBeforeFunctionParenthesis": "Definiert die Verarbeitung von Leerzeichen vor Funktionsargumentklammern. Erfordert TypeScript >= 2.1.5.",
	"format.insertSpaceAfterOpeningAndBeforeClosingNonemptyParenthesis": "Definiert die Verarbeitung von Leerzeichen nach öffnenden und vor schließenden nicht leeren runden Klammern.",
	"format.insertSpaceAfterOpeningAndBeforeClosingNonemptyBrackets": "Definiert die Verarbeitung von Leerzeichen nach öffnenden und vor schließenden nicht leeren eckigen Klammern.",
	"format.insertSpaceAfterOpeningAndBeforeClosingNonemptyBraces": "Definiert die Verarbeitung von Leerzeichen nach öffnenden und vor schließenden geschweiften Klammern. Erfordert TypeScript 2.3.0 oder höher.",
	"format.insertSpaceAfterOpeningAndBeforeClosingTemplateStringBraces": "Definiert die Verarbeitung von Leerzeichen nach öffnenden und vor schließenden geschweiften Klammern für Vorlagenzeichenfolgen. Erfordert TypeScript >= 2.0.6.",
	"format.insertSpaceAfterOpeningAndBeforeClosingJsxExpressionBraces": "Definiert die Verarbeitung von Leerzeichen nach öffnenden und vor schließenden geschweiften Klammern für JSX-Ausdrücke. Erfordert TypeScript >= 2.0.6.",
	"format.insertSpaceAfterTypeAssertion": "Definiert die Verarbeitung von Leerzeichen nach Typassertionen in TypeScript. Erfordert TypeScript >= 2.4.",
	"format.placeOpenBraceOnNewLineForFunctions": "Definiert, ob eine öffnende geschweifte Klammer für Funktionen in eine neue Zeile eingefügt wird.",
	"format.placeOpenBraceOnNewLineForControlBlocks": "Definiert, ob eine öffnende geschweifte Klammer für Kontrollblöcke in eine neue Zeile eingefügt wird.",
	"javascript.validate.enable": "JavaScript-Überprüfung aktivieren/deaktivieren.",
	"typescript.goToProjectConfig.title": "Zur Projektkonfiguration wechseln",
	"javascript.goToProjectConfig.title": "Zur Projektkonfiguration wechseln",
	"javascript.referencesCodeLens.enabled": "Aktiviert oder deaktiviert CodeLens-Verweise in JavaScript Dateien. Erfordert TypeScript 2.0.6 oder höher.",
	"typescript.referencesCodeLens.enabled": "Aktiviert oder deaktiviert CodeLens-Verweise in TypeScript Dateien. Erfordert TypeScript 2.0.6 oder höher.",
	"typescript.implementationsCodeLens.enabled": "Aktiviert oder deaktiviert CodeLens-Implementierungen. Erfordert TypeScript 2.2.0 oder höher.",
	"typescript.openTsServerLog.title": "TS Server-Protokolldatei öffnen",
	"typescript.restartTsServer": "TS Server neu starten",
	"typescript.selectTypeScriptVersion.title": "TypeScript-Version wählen",
	"jsDocCompletion.enabled": "Automatische JSDoc-Kommentare aktivieren/deaktivieren",
	"javascript.implicitProjectConfig.checkJs": "Aktiviert/deaktiviert die Semantikprüfung bei JavaScript-Dateien. Diese Einstellung wird von vorhandenen \"jsconfig.json\"- oder \"tsconfig.json\"-Dateien außer Kraft gesetzt. Erfordert TypeScript 2.3.1 oder höher.",
	"typescript.npm": "Gibt den Pfad zur ausführbaren NPM-Datei an, die für die automatische Typerfassung verwendet wird. Hierfür ist TypeScript 2.3.4 oder höher erforderlich.",
	"typescript.check.npmIsInstalled": "Überprüfen Sie, ob NPM für die automatische Typerfassung installiert ist.",
	"javascript.nameSuggestions": "Das Einbeziehen eindeutiger Namen von der Datei in der JavaScript-Vorschlagsliste aktivieren/deaktivieren.",
	"typescript.tsc.autoDetect": "Steuert, ob die automatische Erkennung von tsc-Tasks aktiviert oder deaktiviert ist.\n",
	"typescript.problemMatchers.tsc.label": "TypeScript-Probleme",
	"typescript.problemMatchers.tscWatch.label": "TypeScript-Probleme (Überwachungsmodus)"
}